name,binomen,sequence
ヒト,Homo sapiens,MGDVEKGKKIFIMKCSQCHTVEKGGKHKTGPNLHGLFGRKTGQAPGYSYTAANKNKGIIWGEDTLMEYLENPKKYIPGTKMIFVGIKKKEERADLIAYLKKATNE
マウス,Mus musculus,MGDVEKGKKIFVQKCAQCHTVEKGGKHKTGPNLHGLFGRKTGQAAGFSYTDANKNKGITWGEDTLMEYLENPKKYIPGTKMIFAGIKKKGERADLIAYLKKATNE
ウマ,Equus caballus,MGDVEKGKKIFVQKCAQCHTVEKGGKHKTGPNLHGLFGRKTGQAPGFTYTDANKNKGITWKEETLMEYLENPKKYIPGTKMIFAGIKKKTEREDLIAYLKKATNE
アカパンカビ,Neurospora crassa,MGFSAGDSKKGANLFKTRCAQCHTLEEGGGNKIGPALHGLFGRKTGSVDGYAYTDANKQKGITWDENTLFEYLENPKKYIPGTKMAFGGLKKDKDRNDIITFMKEATA
カミツキガメ,Chelydra serpentina,MGDVEKGKKIFVQKCAQCHTVEKGGKHKTGPNLNGLIGRKTGQAEGFSYTEANKNKGITWGEETLMEYLENPKKYIPGTKMIFAGIKKKAERADLIAYLKDATSK
サバクトビバッタ,Schistocerca gregaria,MGVPQGDVEKGKKIFVQRCAQCHTVEAGGKHKTGPNLHGLFGRKTGQAPGFSYTDANKSKGITWDENTLFIYLENPKKYIPGTKMVFAGLKKPEERADLIAYLKESTK
セイヨウカボチャ,Cucurbita maxima,ASFDEAPPGNSKAGEKIFKTKCAQCHTVDKGAGHKQGPNLNGLFGRQSGTTPGYSYSAANKNRAVIWEEKTLYDYLLNPKKYIPGTKMVFPGLKKPQDRADLIAYLKEATA
テトラヒメナ,Tetrahymena pyriformis,GPKEPEVTVPEGDASAGRDIFDSQCSACHAIEGDSTAAPVLGGVIGRKAGQEKFAYSKGMKGSGITWNEKHLFVFLKNPSKHVPGTKMAFAGLPADKDRADLIAYLKSV
デバリオマイセス・ハンセニイ,Debaryomyces hansenii,MPAPYEKGSEKKGANLFKTRCLQCHTVEEGGPHKVGPNLHGVVGRTSGQAQGFSYTDANKKKGVEWSEQNLSDYLENPKKYIPGTKMAFGGLKKAKDRNDLISYLVKATK
コムギ,Triticum aestivum,ASFSEAPPGNPDAGAKIFKTKCAQCHTVDAGAGHKQGPNLHGLFGRQSGTTAGYSYSAANKNKAVEWEENTLYDYLLNPKKYIPGTKMVFPGLKKPQDRADLIAYLKKATSS
シンジュサン,Samia cynthia,MGVPAGNAENGKKIFVQRCAQCHTVEAGGKHKVGPNLHGFYGRKTGQAPGFSYSNANKAKGITWGDDTLFEYLENPKKYIPGTKMVFAGLKKANERADLIAYLKESTK
ミミズ,eisenia foetida,GGIPAGDVEKGKTIFKQRCAQCHTVDKGGPHKTGPNLHGIFGRATGQAAGFAYTDANKSKGITWTKDTLYEYLENPKKYIPGTKMVFAGLKNEKQRANLIAYLEQETK
モンスーンテナガエビ,Macrobrachium malcolmsonii,MGDVEKGKKIFVQRCAQCHSAQANLKHKTGPNLNGLFGRQTGQASGYVYTDANKAKGITWQADTLDVYLENPKKYIPGTKMVFAGLKKANERADLIAYLKQATNL
トウモロコシ,Zea mays,ASFSEAPPGNPKAGEKIFKTKCAQCHTVEKGAGHKQGPNLNGLFGRQSGTTAGYSYSAANKNKAVVWEENTLYDYLLNPXKYIPGTKMVFPGLXKPQERADLIAYLKEATA
カツオ,katsuwonus pelamis,MGDVAKGKKTFVQKCAQCHTVENGGKHKVGPNLWGLFGRKTGQAEGYSYTDANKSKGIVWNENTLMEYLENPKKYIPGTKMIFAGIKKKGERQDLVAYLKSATS
クラミドモナス,chlamydomonas reinhardtii,MSTFAEAPAGDLARGEKIFKTKCAQCHVAEKGGGHKQGPNLGGLFGRVSGTAAGFAYSKANKEAAVTWGESTLYEYLLNPKKYMPGNKMVFAGLKKPEERADLIAYLKQATA
ニゲラ,nigella damascena,ASFBZAPAGBSASGEKIFKTKCAZCHTVBZGAGHKZGPNLHGLFGRQSGTVAGYSYSAANKNKAVNWEEKTLYDYLLNPKKYIPGTKMVFPGLKKPZZRABLLAYLKESTA
ガーネットガラゴ,otolemur garnettii,MSDIEKGKKIFVQKCAQCHTVDKGGKHKTGPNLHGLFGRKTGQAAGFSYTDANKNKGITWGEDTLMEYLENPKKYIPGTKMIFAGVKKKGERADLIDYLKKATNE
マガモ,anas platyrhynchos,MGDVEKGKKIFVQKCSQCHTVEKGGKHKTGPNLHGLFGRKTGQAEGFSYTDANKNKGITWGEDTLMEYLENPKKYIPGTKMIFAGIKKKSERADLIAYLKDATAK
アメリカウシガエル,rana catesbeiana,MGDVEKGKKIFVQKCAQCHTCEKGGKHKVGPNLYGLIGRKTGQAAGFSYTDANKNKGITWGEDTLMEYLENPKKYIPGTKMIFAGIKKKGERQDLIAYLKSACSK